,VI: GT | Output,VI: Output | GT,Count difference,n_predicted,n_true,n_diff,t0.3_true_positives,t0.3_false_positives,t0.3_false_negatives,t0.3_IoU,t0.3_Jaccard,t0.3_pixel_identity,t0.3_localization_error,t0.3_per_image_average_precision,t0.35_true_positives,t0.35_false_positives,t0.35_false_negatives,t0.35_IoU,t0.35_Jaccard,t0.35_pixel_identity,t0.35_localization_error,t0.35_per_image_average_precision,t0.4_true_positives,t0.4_false_positives,t0.4_false_negatives,t0.4_IoU,t0.4_Jaccard,t0.4_pixel_identity,t0.4_localization_error,t0.4_per_image_average_precision,t0.45_true_positives,t0.45_false_positives,t0.45_false_negatives,t0.45_IoU,t0.45_Jaccard,t0.45_pixel_identity,t0.45_localization_error,t0.45_per_image_average_precision,t0.5_true_positives,t0.5_false_positives,t0.5_false_negatives,t0.5_IoU,t0.5_Jaccard,t0.5_pixel_identity,t0.5_localization_error,t0.5_per_image_average_precision,t0.55_true_positives,t0.55_false_positives,t0.55_false_negatives,t0.55_IoU,t0.55_Jaccard,t0.55_pixel_identity,t0.55_localization_error,t0.55_per_image_average_precision,t0.6_true_positives,t0.6_false_positives,t0.6_false_negatives,t0.6_IoU,t0.6_Jaccard,t0.6_pixel_identity,t0.6_localization_error,t0.6_per_image_average_precision,t0.65_true_positives,t0.65_false_positives,t0.65_false_negatives,t0.65_IoU,t0.65_Jaccard,t0.65_pixel_identity,t0.65_localization_error,t0.65_per_image_average_precision,t0.7_true_positives,t0.7_false_positives,t0.7_false_negatives,t0.7_IoU,t0.7_Jaccard,t0.7_pixel_identity,t0.7_localization_error,t0.7_per_image_average_precision,t0.75_true_positives,t0.75_false_positives,t0.75_false_negatives,t0.75_IoU,t0.75_Jaccard,t0.75_pixel_identity,t0.75_localization_error,t0.75_per_image_average_precision,t0.8_true_positives,t0.8_false_positives,t0.8_false_negatives,t0.8_IoU,t0.8_Jaccard,t0.8_pixel_identity,t0.8_localization_error,t0.8_per_image_average_precision,t0.85_true_positives,t0.85_false_positives,t0.85_false_negatives,t0.85_IoU,t0.85_Jaccard,t0.85_pixel_identity,t0.85_localization_error,t0.85_per_image_average_precision,t0.9_true_positives,t0.9_false_positives,t0.9_false_negatives,t0.9_IoU,t0.9_Jaccard,t0.9_pixel_identity,t0.9_localization_error,t0.9_per_image_average_precision,model_name
0,7.217381819422003e-05,0.0025909636573240536,-0.047619047619047616,29,29,0,29,0,0,1.0,1.0,0.9973189742476852,0.0,1.0,29,0,0,1.0,1.0,0.9973189742476852,0.0,1.0,29,0,0,1.0,1.0,0.9973189742476852,0.0,1.0,29,0,0,1.0,1.0,0.9973189742476852,0.0,1.0,29,0,0,1.0,1.0,0.9973189742476852,0.0,1.0,29,0,0,1.0,1.0,0.9973189742476852,0.0,1.0,29,0,0,1.0,1.0,0.9973189742476852,0.0,1.0,29,0,0,1.0,1.0,0.9973189742476852,0.0,1.0,29,0,0,1.0,1.0,0.9973189742476852,0.0,1.0,29,0,0,1.0,1.0,0.9973189742476852,0.0,1.0,29,0,0,1.0,1.0,0.9973189742476852,0.0,1.0,29,0,0,1.0,1.0,0.9973189742476852,0.0,1.0,29,0,0,1.0,1.0,0.9973189742476852,0.0,1.0,
1,0.0016710222855125811,0.002614843016105542,0.0,70,70,0,70,0,0,1.0,1.0,0.9967749324845679,0.0,1.0,70,0,0,1.0,1.0,0.9967749324845679,0.0,1.0,70,0,0,1.0,1.0,0.9967749324845679,0.0,1.0,70,0,0,1.0,1.0,0.9967749324845679,0.0,1.0,70,0,0,1.0,1.0,0.9967749324845679,0.0,1.0,70,0,0,1.0,1.0,0.9967749324845679,0.0,1.0,70,0,0,1.0,1.0,0.9967749324845679,0.0,1.0,70,0,0,1.0,1.0,0.9967749324845679,0.0,1.0,70,0,0,1.0,1.0,0.9967749324845679,0.0,1.0,70,0,0,1.0,1.0,0.9967749324845679,0.0,1.0,70,0,0,1.0,1.0,0.9967749324845679,0.0,1.0,70,0,0,1.0,1.0,0.9967749324845679,0.0,1.0,70,0,0,1.0,1.0,0.9967749324845679,0.0,1.0,
2,0.0007801376438145235,7.169126697176949e-20,0.16666666666666666,11,11,0,11,0,0,1.0,1.0,0.9994981553819444,0.0,1.0,11,0,0,1.0,1.0,0.9994981553819444,0.0,1.0,11,0,0,1.0,1.0,0.9994981553819444,0.0,1.0,11,0,0,1.0,1.0,0.9994981553819444,0.0,1.0,11,0,0,1.0,1.0,0.9994981553819444,0.0,1.0,11,0,0,1.0,1.0,0.9994981553819444,0.0,1.0,11,0,0,1.0,1.0,0.9994981553819444,0.0,1.0,11,0,0,1.0,1.0,0.9994981553819444,0.0,1.0,11,0,0,1.0,1.0,0.9994981553819444,0.0,1.0,11,0,0,1.0,1.0,0.9994981553819444,0.0,1.0,11,0,0,1.0,1.0,0.9994981553819444,0.0,1.0,11,0,0,1.0,1.0,0.9994981553819444,0.0,1.0,11,0,0,1.0,1.0,0.9994981553819444,0.0,1.0,
3,0.00027656341866797953,0.01409178630468796,-0.034482758620689655,20,24,4,20,0,4,1.0,0.8333333333333334,0.9987453884548612,0.0,0.8333333333333334,20,0,4,1.0,0.8333333333333334,0.9987453884548612,0.0,0.8333333333333334,20,0,4,1.0,0.8333333333333334,0.9987453884548612,0.0,0.8333333333333334,20,0,4,1.0,0.8333333333333334,0.9987453884548612,0.0,0.8333333333333334,20,0,4,1.0,0.8333333333333334,0.9987453884548612,0.0,0.8333333333333334,20,0,4,1.0,0.8333333333333334,0.9987453884548612,0.0,0.8333333333333334,20,0,4,1.0,0.8333333333333334,0.9987453884548612,0.0,0.8333333333333334,20,0,4,1.0,0.8333333333333334,0.9987453884548612,0.0,0.8333333333333334,20,0,4,1.0,0.8333333333333334,0.9987453884548612,0.0,0.8333333333333334,20,0,4,1.0,0.8333333333333334,0.9987453884548612,0.0,0.8333333333333334,20,0,4,1.0,0.8333333333333334,0.9987453884548612,0.0,0.8333333333333334,20,0,4,1.0,0.8333333333333334,0.9987453884548612,0.0,0.8333333333333334,20,0,4,1.0,0.8333333333333334,0.9987453884548612,0.0,0.8333333333333334,
4,9.511344408878646e-05,0.0012636542503590314,-0.038461538461538464,29,31,2,29,0,2,1.0,0.9354838709677419,0.9990234375,0.0,0.9354838709677419,29,0,2,1.0,0.9354838709677419,0.9990234375,0.0,0.9354838709677419,29,0,2,1.0,0.9354838709677419,0.9990234375,0.0,0.9354838709677419,29,0,2,1.0,0.9354838709677419,0.9990234375,0.0,0.9354838709677419,29,0,2,1.0,0.9354838709677419,0.9990234375,0.0,0.9354838709677419,29,0,2,1.0,0.9354838709677419,0.9990234375,0.0,0.9354838709677419,29,0,2,1.0,0.9354838709677419,0.9990234375,0.0,0.9354838709677419,29,0,2,1.0,0.9354838709677419,0.9990234375,0.0,0.9354838709677419,29,0,2,1.0,0.9354838709677419,0.9990234375,0.0,0.9354838709677419,29,0,2,1.0,0.9354838709677419,0.9990234375,0.0,0.9354838709677419,29,0,2,1.0,0.9354838709677419,0.9990234375,0.0,0.9354838709677419,29,0,2,1.0,0.9354838709677419,0.9990234375,0.0,0.9354838709677419,29,0,2,1.0,0.9354838709677419,0.9990234375,0.0,0.9354838709677419,
5,0.003027545736867932,5.213910325219599e-20,0.17647058823529413,15,15,0,15,0,0,1.0,1.0,0.9989300009645061,0.0,1.0,15,0,0,1.0,1.0,0.9989300009645061,0.0,1.0,15,0,0,1.0,1.0,0.9989300009645061,0.0,1.0,15,0,0,1.0,1.0,0.9989300009645061,0.0,1.0,15,0,0,1.0,1.0,0.9989300009645061,0.0,1.0,15,0,0,1.0,1.0,0.9989300009645061,0.0,1.0,15,0,0,1.0,1.0,0.9989300009645061,0.0,1.0,15,0,0,1.0,1.0,0.9989300009645061,0.0,1.0,15,0,0,1.0,1.0,0.9989300009645061,0.0,1.0,15,0,0,1.0,1.0,0.9989300009645061,0.0,1.0,15,0,0,1.0,1.0,0.9989300009645061,0.0,1.0,15,0,0,1.0,1.0,0.9989300009645061,0.0,1.0,15,0,0,1.0,1.0,0.9989300009645061,0.0,1.0,
6,1.5849798584619922e-16,1.5849798584619922e-16,0.0,21,21,0,21,0,0,1.0,1.0,1.0,0.0,1.0,21,0,0,1.0,1.0,1.0,0.0,1.0,21,0,0,1.0,1.0,1.0,0.0,1.0,21,0,0,1.0,1.0,1.0,0.0,1.0,21,0,0,1.0,1.0,1.0,0.0,1.0,21,0,0,1.0,1.0,1.0,0.0,1.0,21,0,0,1.0,1.0,1.0,0.0,1.0,21,0,0,1.0,1.0,1.0,0.0,1.0,21,0,0,1.0,1.0,1.0,0.0,1.0,21,0,0,1.0,1.0,1.0,0.0,1.0,21,0,0,1.0,1.0,1.0,0.0,1.0,21,0,0,1.0,1.0,1.0,0.0,1.0,21,0,0,1.0,1.0,1.0,0.0,1.0,
7,0.0027386394812450926,0.0003702315713623105,0.078125,47,48,1,47,0,1,0.9999211977935382,0.9791666666666666,0.9988437228732638,2.3299836578435813e-06,0.9791666666666666,47,0,1,0.9999211977935382,0.9791666666666666,0.9988437228732638,2.3299836578435813e-06,0.9791666666666666,47,0,1,0.9999211977935382,0.9791666666666666,0.9988437228732638,2.3299836578435813e-06,0.9791666666666666,47,0,1,0.9999211977935382,0.9791666666666666,0.9988437228732638,2.3299836578435813e-06,0.9791666666666666,47,0,1,0.9999211977935382,0.9791666666666666,0.9988437228732638,2.3299836578435813e-06,0.9791666666666666,47,0,1,0.9999211977935382,0.9791666666666666,0.9988437228732638,2.3299836578435813e-06,0.9791666666666666,47,0,1,0.9999211977935382,0.9791666666666666,0.9988437228732638,2.3299836578435813e-06,0.9791666666666666,47,0,1,0.9999211977935382,0.9791666666666666,0.9988437228732638,2.3299836578435813e-06,0.9791666666666666,47,0,1,0.9999211977935382,0.9791666666666666,0.9988437228732638,2.3299836578435813e-06,0.9791666666666666,47,0,1,0.9999211977935382,0.9791666666666666,0.9988437228732638,2.3299836578435813e-06,0.9791666666666666,47,0,1,0.9999211977935382,0.9791666666666666,0.9988437228732638,2.3299836578435813e-06,0.9791666666666666,47,0,1,0.9999211977935382,0.9791666666666666,0.9988437228732638,2.3299836578435813e-06,0.9791666666666666,47,0,1,0.9999211977935382,0.9791666666666666,0.9988437228732638,2.3299836578435813e-06,0.9791666666666666,
8,2.722819836503572e-19,0.002990842090620646,-0.10810810810810811,12,12,0,12,0,0,1.0,1.0,0.9962474681712963,0.0,1.0,12,0,0,1.0,1.0,0.9962474681712963,0.0,1.0,12,0,0,1.0,1.0,0.9962474681712963,0.0,1.0,12,0,0,1.0,1.0,0.9962474681712963,0.0,1.0,12,0,0,1.0,1.0,0.9962474681712963,0.0,1.0,12,0,0,1.0,1.0,0.9962474681712963,0.0,1.0,12,0,0,1.0,1.0,0.9962474681712963,0.0,1.0,12,0,0,1.0,1.0,0.9962474681712963,0.0,1.0,12,0,0,1.0,1.0,0.9962474681712963,0.0,1.0,12,0,0,1.0,1.0,0.9962474681712963,0.0,1.0,12,0,0,1.0,1.0,0.9962474681712963,0.0,1.0,12,0,0,1.0,1.0,0.9962474681712963,0.0,1.0,12,0,0,1.0,1.0,0.9962474681712963,0.0,1.0,
9,0.00031725168489971545,0.004087435767470216,-0.05,32,32,0,32,0,0,1.0,1.0,0.9962263695987654,0.0,1.0,32,0,0,1.0,1.0,0.9962263695987654,0.0,1.0,32,0,0,1.0,1.0,0.9962263695987654,0.0,1.0,32,0,0,1.0,1.0,0.9962263695987654,0.0,1.0,32,0,0,1.0,1.0,0.9962263695987654,0.0,1.0,32,0,0,1.0,1.0,0.9962263695987654,0.0,1.0,32,0,0,1.0,1.0,0.9962263695987654,0.0,1.0,32,0,0,1.0,1.0,0.9962263695987654,0.0,1.0,32,0,0,1.0,1.0,0.9962263695987654,0.0,1.0,32,0,0,1.0,1.0,0.9962263695987654,0.0,1.0,32,0,0,1.0,1.0,0.9962263695987654,0.0,1.0,32,0,0,1.0,1.0,0.9962263695987654,0.0,1.0,32,0,0,1.0,1.0,0.9962263695987654,0.0,1.0,
10,0.0014056493122265629,0.005221383063678491,-0.037037037037037035,30,30,0,30,0,0,1.0,1.0,0.9955240885416666,0.0,1.0,30,0,0,1.0,1.0,0.9955240885416666,0.0,1.0,30,0,0,1.0,1.0,0.9955240885416666,0.0,1.0,30,0,0,1.0,1.0,0.9955240885416666,0.0,1.0,30,0,0,1.0,1.0,0.9955240885416666,0.0,1.0,30,0,0,1.0,1.0,0.9955240885416666,0.0,1.0,30,0,0,1.0,1.0,0.9955240885416666,0.0,1.0,30,0,0,1.0,1.0,0.9955240885416666,0.0,1.0,30,0,0,1.0,1.0,0.9955240885416666,0.0,1.0,30,0,0,1.0,1.0,0.9955240885416666,0.0,1.0,30,0,0,1.0,1.0,0.9955240885416666,0.0,1.0,30,0,0,1.0,1.0,0.9955240885416666,0.0,1.0,30,0,0,1.0,1.0,0.9955240885416666,0.0,1.0,
11,0.00025487924790500497,0.003208374348140967,-0.02608695652173913,47,47,0,47,0,0,0.999987002690443,1.0,0.9969527633101852,2.8684907069946967e-06,1.0,47,0,0,0.999987002690443,1.0,0.9969527633101852,2.8684907069946967e-06,1.0,47,0,0,0.999987002690443,1.0,0.9969527633101852,2.8684907069946967e-06,1.0,47,0,0,0.999987002690443,1.0,0.9969527633101852,2.8684907069946967e-06,1.0,47,0,0,0.999987002690443,1.0,0.9969527633101852,2.8684907069946967e-06,1.0,47,0,0,0.999987002690443,1.0,0.9969527633101852,2.8684907069946967e-06,1.0,47,0,0,0.999987002690443,1.0,0.9969527633101852,2.8684907069946967e-06,1.0,47,0,0,0.999987002690443,1.0,0.9969527633101852,2.8684907069946967e-06,1.0,47,0,0,0.999987002690443,1.0,0.9969527633101852,2.8684907069946967e-06,1.0,47,0,0,0.999987002690443,1.0,0.9969527633101852,2.8684907069946967e-06,1.0,47,0,0,0.999987002690443,1.0,0.9969527633101852,2.8684907069946967e-06,1.0,47,0,0,0.999987002690443,1.0,0.9969527633101852,2.8684907069946967e-06,1.0,47,0,0,0.999987002690443,1.0,0.9969527633101852,2.8684907069946967e-06,1.0,
12,1.5908557664294596e-16,1.5908557664294596e-16,0.0,22,22,0,22,0,0,1.0,1.0,1.0,0.0,1.0,22,0,0,1.0,1.0,1.0,0.0,1.0,22,0,0,1.0,1.0,1.0,0.0,1.0,22,0,0,1.0,1.0,1.0,0.0,1.0,22,0,0,1.0,1.0,1.0,0.0,1.0,22,0,0,1.0,1.0,1.0,0.0,1.0,22,0,0,1.0,1.0,1.0,0.0,1.0,22,0,0,1.0,1.0,1.0,0.0,1.0,22,0,0,1.0,1.0,1.0,0.0,1.0,22,0,0,1.0,1.0,1.0,0.0,1.0,22,0,0,1.0,1.0,1.0,0.0,1.0,22,0,0,1.0,1.0,1.0,0.0,1.0,22,0,0,1.0,1.0,1.0,0.0,1.0,
13,1.5953913856447498e-16,1.5953913856447498e-16,0.0,12,12,0,12,0,0,1.0,1.0,1.0,0.0,1.0,12,0,0,1.0,1.0,1.0,0.0,1.0,12,0,0,1.0,1.0,1.0,0.0,1.0,12,0,0,1.0,1.0,1.0,0.0,1.0,12,0,0,1.0,1.0,1.0,0.0,1.0,12,0,0,1.0,1.0,1.0,0.0,1.0,12,0,0,1.0,1.0,1.0,0.0,1.0,12,0,0,1.0,1.0,1.0,0.0,1.0,12,0,0,1.0,1.0,1.0,0.0,1.0,12,0,0,1.0,1.0,1.0,0.0,1.0,12,0,0,1.0,1.0,1.0,0.0,1.0,12,0,0,1.0,1.0,1.0,0.0,1.0,12,0,0,1.0,1.0,1.0,0.0,1.0,
14,1.573828487057029e-19,1.573828487057029e-19,0.0,9,9,0,9,0,0,1.0,1.0,1.0,0.0,1.0,9,0,0,1.0,1.0,1.0,0.0,1.0,9,0,0,1.0,1.0,1.0,0.0,1.0,9,0,0,1.0,1.0,1.0,0.0,1.0,9,0,0,1.0,1.0,1.0,0.0,1.0,9,0,0,1.0,1.0,1.0,0.0,1.0,9,0,0,1.0,1.0,1.0,0.0,1.0,9,0,0,1.0,1.0,1.0,0.0,1.0,9,0,0,1.0,1.0,1.0,0.0,1.0,9,0,0,1.0,1.0,1.0,0.0,1.0,9,0,0,1.0,1.0,1.0,0.0,1.0,9,0,0,1.0,1.0,1.0,0.0,1.0,9,0,0,1.0,1.0,1.0,0.0,1.0,
15,1.5375251277672015e-16,1.5375251277672015e-16,0.0,43,43,0,43,0,0,1.0,1.0,0.9993184407552084,0.0,1.0,43,0,0,1.0,1.0,0.9993184407552084,0.0,1.0,43,0,0,1.0,1.0,0.9993184407552084,0.0,1.0,43,0,0,1.0,1.0,0.9993184407552084,0.0,1.0,43,0,0,1.0,1.0,0.9993184407552084,0.0,1.0,43,0,0,1.0,1.0,0.9993184407552084,0.0,1.0,43,0,0,1.0,1.0,0.9993184407552084,0.0,1.0,43,0,0,1.0,1.0,0.9993184407552084,0.0,1.0,43,0,0,1.0,1.0,0.9993184407552084,0.0,1.0,43,0,0,1.0,1.0,0.9993184407552084,0.0,1.0,43,0,0,1.0,1.0,0.9993184407552084,0.0,1.0,43,0,0,1.0,1.0,0.9993184407552084,0.0,1.0,43,0,0,1.0,1.0,0.9993184407552084,0.0,1.0,
16,1.5394450416079152e-16,0.0012191324902597084,-0.012903225806451613,63,63,0,63,0,0,1.0,1.0,0.998748779296875,0.0,1.0,63,0,0,1.0,1.0,0.998748779296875,0.0,1.0,63,0,0,1.0,1.0,0.998748779296875,0.0,1.0,63,0,0,1.0,1.0,0.998748779296875,0.0,1.0,63,0,0,1.0,1.0,0.998748779296875,0.0,1.0,63,0,0,1.0,1.0,0.998748779296875,0.0,1.0,63,0,0,1.0,1.0,0.998748779296875,0.0,1.0,63,0,0,1.0,1.0,0.998748779296875,0.0,1.0,63,0,0,1.0,1.0,0.998748779296875,0.0,1.0,63,0,0,1.0,1.0,0.998748779296875,0.0,1.0,63,0,0,1.0,1.0,0.998748779296875,0.0,1.0,63,0,0,1.0,1.0,0.998748779296875,0.0,1.0,63,0,0,1.0,1.0,0.998748779296875,0.0,1.0,
17,0.0010052762909730328,0.00018322272454725748,0.08,20,20,0,20,0,0,1.0,1.0,0.9996490478515625,0.0,1.0,20,0,0,1.0,1.0,0.9996490478515625,0.0,1.0,20,0,0,1.0,1.0,0.9996490478515625,0.0,1.0,20,0,0,1.0,1.0,0.9996490478515625,0.0,1.0,20,0,0,1.0,1.0,0.9996490478515625,0.0,1.0,20,0,0,1.0,1.0,0.9996490478515625,0.0,1.0,20,0,0,1.0,1.0,0.9996490478515625,0.0,1.0,20,0,0,1.0,1.0,0.9996490478515625,0.0,1.0,20,0,0,1.0,1.0,0.9996490478515625,0.0,1.0,20,0,0,1.0,1.0,0.9996490478515625,0.0,1.0,20,0,0,1.0,1.0,0.9996490478515625,0.0,1.0,20,0,0,1.0,1.0,0.9996490478515625,0.0,1.0,20,0,0,1.0,1.0,0.9996490478515625,0.0,1.0,
18,0.002252248172709879,0.012643922381910044,-0.050724637681159424,54,54,0,54,0,0,1.0,1.0,0.9868927001953125,0.0,1.0,54,0,0,1.0,1.0,0.9868927001953125,0.0,1.0,54,0,0,1.0,1.0,0.9868927001953125,0.0,1.0,54,0,0,1.0,1.0,0.9868927001953125,0.0,1.0,54,0,0,1.0,1.0,0.9868927001953125,0.0,1.0,54,0,0,1.0,1.0,0.9868927001953125,0.0,1.0,54,0,0,1.0,1.0,0.9868927001953125,0.0,1.0,54,0,0,1.0,1.0,0.9868927001953125,0.0,1.0,54,0,0,1.0,1.0,0.9868927001953125,0.0,1.0,54,0,0,1.0,1.0,0.9868927001953125,0.0,1.0,54,0,0,1.0,1.0,0.9868927001953125,0.0,1.0,54,0,0,1.0,1.0,0.9868927001953125,0.0,1.0,54,0,0,1.0,1.0,0.9868927001953125,0.0,1.0,
19,0.002430579542007519,0.0061183059979978,-0.00966183574879227,75,75,0,75,0,0,0.9996242292502878,1.0,0.9955088297526041,0.00036106575353732584,1.0,75,0,0,0.9996242292502878,1.0,0.9955088297526041,0.00036106575353732584,1.0,75,0,0,0.9996242292502878,1.0,0.9955088297526041,0.00036106575353732584,1.0,75,0,0,0.9996242292502878,1.0,0.9955088297526041,0.00036106575353732584,1.0,75,0,0,0.9996242292502878,1.0,0.9955088297526041,0.00036106575353732584,1.0,75,0,0,0.9996242292502878,1.0,0.9955088297526041,0.00036106575353732584,1.0,75,0,0,0.9996242292502878,1.0,0.9955088297526041,0.00036106575353732584,1.0,75,0,0,0.9996242292502878,1.0,0.9955088297526041,0.00036106575353732584,1.0,75,0,0,0.9996242292502878,1.0,0.9955088297526041,0.00036106575353732584,1.0,75,0,0,0.9996242292502878,1.0,0.9955088297526041,0.00036106575353732584,1.0,75,0,0,0.9996242292502878,1.0,0.9955088297526041,0.00036106575353732584,1.0,75,0,0,0.9996242292502878,1.0,0.9955088297526041,0.00036106575353732584,1.0,75,0,0,0.9996242292502878,1.0,0.9955088297526041,0.00036106575353732584,1.0,
20,0.0011070592705217006,0.0020904517507254155,0.0,51,51,0,51,0,0,0.9993734335839598,1.0,0.9981452094184028,0.0006192426644914853,1.0,51,0,0,0.9993734335839598,1.0,0.9981452094184028,0.0006192426644914853,1.0,51,0,0,0.9993734335839598,1.0,0.9981452094184028,0.0006192426644914853,1.0,51,0,0,0.9993734335839598,1.0,0.9981452094184028,0.0006192426644914853,1.0,51,0,0,0.9993734335839598,1.0,0.9981452094184028,0.0006192426644914853,1.0,51,0,0,0.9993734335839598,1.0,0.9981452094184028,0.0006192426644914853,1.0,51,0,0,0.9993734335839598,1.0,0.9981452094184028,0.0006192426644914853,1.0,51,0,0,0.9993734335839598,1.0,0.9981452094184028,0.0006192426644914853,1.0,51,0,0,0.9993734335839598,1.0,0.9981452094184028,0.0006192426644914853,1.0,51,0,0,0.9993734335839598,1.0,0.9981452094184028,0.0006192426644914853,1.0,51,0,0,0.9993734335839598,1.0,0.9981452094184028,0.0006192426644914853,1.0,51,0,0,0.9993734335839598,1.0,0.9981452094184028,0.0006192426644914853,1.0,51,0,0,0.9993734335839598,1.0,0.9981452094184028,0.0006192426644914853,1.0,
21,0.0015613473968875142,3.291280892794869e-19,0.043478260869565216,18,17,-1,17,0,0,1.0,1.0,0.9998931884765625,0.0,1.0,17,0,0,1.0,1.0,0.9998931884765625,0.0,1.0,17,0,0,1.0,1.0,0.9998931884765625,0.0,1.0,17,0,0,1.0,1.0,0.9998931884765625,0.0,1.0,17,0,0,1.0,1.0,0.9998931884765625,0.0,1.0,17,0,0,1.0,1.0,0.9998931884765625,0.0,1.0,17,0,0,1.0,1.0,0.9998931884765625,0.0,1.0,17,0,0,1.0,1.0,0.9998931884765625,0.0,1.0,17,0,0,1.0,1.0,0.9998931884765625,0.0,1.0,17,0,0,1.0,1.0,0.9998931884765625,0.0,1.0,17,0,0,1.0,1.0,0.9998931884765625,0.0,1.0,17,0,0,1.0,1.0,0.9998931884765625,0.0,1.0,17,0,0,1.0,1.0,0.9998931884765625,0.0,1.0,
22,0.0017424938400415224,0.0015712612610222383,0.017543859649122806,30,30,0,30,0,0,0.9997038586255123,1.0,0.9995218912760416,1.8163264723148766e-05,1.0,30,0,0,0.9997038586255123,1.0,0.9995218912760416,1.8163264723148766e-05,1.0,30,0,0,0.9997038586255123,1.0,0.9995218912760416,1.8163264723148766e-05,1.0,30,0,0,0.9997038586255123,1.0,0.9995218912760416,1.8163264723148766e-05,1.0,30,0,0,0.9997038586255123,1.0,0.9995218912760416,1.8163264723148766e-05,1.0,30,0,0,0.9997038586255123,1.0,0.9995218912760416,1.8163264723148766e-05,1.0,30,0,0,0.9997038586255123,1.0,0.9995218912760416,1.8163264723148766e-05,1.0,30,0,0,0.9997038586255123,1.0,0.9995218912760416,1.8163264723148766e-05,1.0,30,0,0,0.9997038586255123,1.0,0.9995218912760416,1.8163264723148766e-05,1.0,30,0,0,0.9997038586255123,1.0,0.9995218912760416,1.8163264723148766e-05,1.0,30,0,0,0.9997038586255123,1.0,0.9995218912760416,1.8163264723148766e-05,1.0,30,0,0,0.9997038586255123,1.0,0.9995218912760416,1.8163264723148766e-05,1.0,30,0,0,0.9997038586255123,1.0,0.9995218912760416,1.8163264723148766e-05,1.0,
23,0.00014219387722049336,3.077422659106259e-05,0.05263157894736842,14,14,0,14,0,0,1.0,1.0,0.9999762641059028,0.0,1.0,14,0,0,1.0,1.0,0.9999762641059028,0.0,1.0,14,0,0,1.0,1.0,0.9999762641059028,0.0,1.0,14,0,0,1.0,1.0,0.9999762641059028,0.0,1.0,14,0,0,1.0,1.0,0.9999762641059028,0.0,1.0,14,0,0,1.0,1.0,0.9999762641059028,0.0,1.0,14,0,0,1.0,1.0,0.9999762641059028,0.0,1.0,14,0,0,1.0,1.0,0.9999762641059028,0.0,1.0,14,0,0,1.0,1.0,0.9999762641059028,0.0,1.0,14,0,0,1.0,1.0,0.9999762641059028,0.0,1.0,14,0,0,1.0,1.0,0.9999762641059028,0.0,1.0,14,0,0,1.0,1.0,0.9999762641059028,0.0,1.0,14,0,0,1.0,1.0,0.9999762641059028,0.0,1.0,
24,0.00479920298189989,0.0040571600026313446,0.01,94,96,2,93,1,0,0.9994327258635838,0.9893617021276596,0.9964345296223959,0.0001550415121318224,0.9893617021276596,93,1,0,0.9994327258635838,0.9893617021276596,0.9964345296223959,0.0001550415121318224,0.9893617021276596,93,1,0,0.9994327258635838,0.9893617021276596,0.9964345296223959,0.0001550415121318224,0.9893617021276596,93,1,0,0.9994327258635838,0.9893617021276596,0.9964345296223959,0.0001550415121318224,0.9893617021276596,93,1,0,0.9994327258635838,0.9893617021276596,0.9964345296223959,0.0001550415121318224,0.9893617021276596,93,1,0,0.9994327258635838,0.9893617021276596,0.9964345296223959,0.0001550415121318224,0.9893617021276596,93,1,0,0.9994327258635838,0.9893617021276596,0.9964345296223959,0.0001550415121318224,0.9893617021276596,93,1,0,0.9994327258635838,0.9893617021276596,0.9964345296223959,0.0001550415121318224,0.9893617021276596,93,1,0,0.9994327258635838,0.9893617021276596,0.9964345296223959,0.0001550415121318224,0.9893617021276596,93,1,0,0.9994327258635838,0.9893617021276596,0.9964345296223959,0.0001550415121318224,0.9893617021276596,93,1,0,0.9994327258635838,0.9893617021276596,0.9964345296223959,0.0001550415121318224,0.9893617021276596,93,1,0,0.9994327258635838,0.9893617021276596,0.9964345296223959,0.0001550415121318224,0.9893617021276596,93,1,0,0.9994327258635838,0.9893617021276596,0.9964345296223959,0.0001550415121318224,0.9893617021276596,
25,0.0013593042907137493,0.001395428162245586,-0.006211180124223602,64,66,2,63,1,1,0.9987140756195981,0.9692307692307692,0.9993353949652778,0.0009732158910474911,0.9692307692307692,63,1,1,0.9987140756195981,0.9692307692307692,0.9993353949652778,0.0009732158910474911,0.9692307692307692,63,1,1,0.9987140756195981,0.9692307692307692,0.9993353949652778,0.0009732158910474911,0.9692307692307692,63,1,1,0.9987140756195981,0.9692307692307692,0.9993353949652778,0.0009732158910474911,0.9692307692307692,63,1,1,0.9987140756195981,0.9692307692307692,0.9993353949652778,0.0009732158910474911,0.9692307692307692,63,1,1,0.9987140756195981,0.9692307692307692,0.9993353949652778,0.0009732158910474911,0.9692307692307692,63,1,1,0.9987140756195981,0.9692307692307692,0.9993353949652778,0.0009732158910474911,0.9692307692307692,63,1,1,0.9987140756195981,0.9692307692307692,0.9993353949652778,0.0009732158910474911,0.9692307692307692,63,1,1,0.9987140756195981,0.9692307692307692,0.9993353949652778,0.0009732158910474911,0.9692307692307692,63,1,1,0.9987140756195981,0.9692307692307692,0.9993353949652778,0.0009732158910474911,0.9692307692307692,63,1,1,0.9987140756195981,0.9692307692307692,0.9993353949652778,0.0009732158910474911,0.9692307692307692,63,1,1,0.9987140756195981,0.9692307692307692,0.9993353949652778,0.0009732158910474911,0.9692307692307692,63,1,1,0.9987140756195981,0.9692307692307692,0.9993353949652778,0.0009732158910474911,0.9692307692307692,
26,0.0011404056147533473,0.0008704721392451859,0.02040816326530612,32,32,0,32,0,0,1.0,1.0,0.9994099934895834,0.0,1.0,32,0,0,1.0,1.0,0.9994099934895834,0.0,1.0,32,0,0,1.0,1.0,0.9994099934895834,0.0,1.0,32,0,0,1.0,1.0,0.9994099934895834,0.0,1.0,32,0,0,1.0,1.0,0.9994099934895834,0.0,1.0,32,0,0,1.0,1.0,0.9994099934895834,0.0,1.0,32,0,0,1.0,1.0,0.9994099934895834,0.0,1.0,32,0,0,1.0,1.0,0.9994099934895834,0.0,1.0,32,0,0,1.0,1.0,0.9994099934895834,0.0,1.0,32,0,0,1.0,1.0,0.9994099934895834,0.0,1.0,32,0,0,1.0,1.0,0.9994099934895834,0.0,1.0,32,0,0,1.0,1.0,0.9994099934895834,0.0,1.0,32,0,0,1.0,1.0,0.9994099934895834,0.0,1.0,
27,0.02996740706210834,0.017511027525094324,-0.004694835680751174,68,69,1,66,1,0,0.9993318555726457,0.9850746268656716,0.9927749633789062,0.0019039551680649107,0.9850746268656716,66,1,0,0.9993318555726457,0.9850746268656716,0.9927749633789062,0.0019039551680649107,0.9850746268656716,66,1,0,0.9993318555726457,0.9850746268656716,0.9927749633789062,0.0019039551680649107,0.9850746268656716,66,1,0,0.9993318555726457,0.9850746268656716,0.9927749633789062,0.0019039551680649107,0.9850746268656716,66,1,0,0.9993318555726457,0.9850746268656716,0.9927749633789062,0.0019039551680649107,0.9850746268656716,66,1,0,0.9993318555726457,0.9850746268656716,0.9927749633789062,0.0019039551680649107,0.9850746268656716,66,1,0,0.9993318555726457,0.9850746268656716,0.9927749633789062,0.0019039551680649107,0.9850746268656716,66,1,0,0.9993318555726457,0.9850746268656716,0.9927749633789062,0.0019039551680649107,0.9850746268656716,66,1,0,0.9993318555726457,0.9850746268656716,0.9927749633789062,0.0019039551680649107,0.9850746268656716,66,1,0,0.9993318555726457,0.9850746268656716,0.9927749633789062,0.0019039551680649107,0.9850746268656716,66,1,0,0.9993318555726457,0.9850746268656716,0.9927749633789062,0.0019039551680649107,0.9850746268656716,66,1,0,0.9993318555726457,0.9850746268656716,0.9927749633789062,0.0019039551680649107,0.9850746268656716,66,1,0,0.9993318555726457,0.9850746268656716,0.9927749633789062,0.0019039551680649107,0.9850746268656716,
28,0.004530726025393279,0.0057467798599866995,-0.011320754716981131,104,104,0,104,0,0,0.9986089715355561,1.0,0.9959615071614584,0.000444383495405491,1.0,104,0,0,0.9986089715355561,1.0,0.9959615071614584,0.000444383495405491,1.0,104,0,0,0.9986089715355561,1.0,0.9959615071614584,0.000444383495405491,1.0,104,0,0,0.9986089715355561,1.0,0.9959615071614584,0.000444383495405491,1.0,104,0,0,0.9986089715355561,1.0,0.9959615071614584,0.000444383495405491,1.0,104,0,0,0.9986089715355561,1.0,0.9959615071614584,0.000444383495405491,1.0,104,0,0,0.9986089715355561,1.0,0.9959615071614584,0.000444383495405491,1.0,104,0,0,0.9986089715355561,1.0,0.9959615071614584,0.000444383495405491,1.0,104,0,0,0.9986089715355561,1.0,0.9959615071614584,0.000444383495405491,1.0,104,0,0,0.9986089715355561,1.0,0.9959615071614584,0.000444383495405491,1.0,104,0,0,0.9986089715355561,1.0,0.9959615071614584,0.000444383495405491,1.0,104,0,0,0.9986089715355561,1.0,0.9959615071614584,0.000444383495405491,1.0,103,1,0,0.9999439022192884,0.9903846153846154,0.9959615071614584,6.1917811584539345e-06,0.9903846153846154,
29,0.0039470489600217295,0.00024352812086216207,0.022727272727272728,35,36,1,33,2,0,1.0,0.9428571428571428,0.9994303385416666,0.0,0.9428571428571428,33,2,0,1.0,0.9428571428571428,0.9994303385416666,0.0,0.9428571428571428,33,2,0,1.0,0.9428571428571428,0.9994303385416666,0.0,0.9428571428571428,33,2,0,1.0,0.9428571428571428,0.9994303385416666,0.0,0.9428571428571428,33,2,0,1.0,0.9428571428571428,0.9994303385416666,0.0,0.9428571428571428,33,2,0,1.0,0.9428571428571428,0.9994303385416666,0.0,0.9428571428571428,33,2,0,1.0,0.9428571428571428,0.9994303385416666,0.0,0.9428571428571428,33,2,0,1.0,0.9428571428571428,0.9994303385416666,0.0,0.9428571428571428,33,2,0,1.0,0.9428571428571428,0.9994303385416666,0.0,0.9428571428571428,33,2,0,1.0,0.9428571428571428,0.9994303385416666,0.0,0.9428571428571428,33,2,0,1.0,0.9428571428571428,0.9994303385416666,0.0,0.9428571428571428,33,2,0,1.0,0.9428571428571428,0.9994303385416666,0.0,0.9428571428571428,33,2,0,1.0,0.9428571428571428,0.9994303385416666,0.0,0.9428571428571428,
30,0.001286161616523352,2.4114335254140613e-19,0.05714285714285714,26,26,0,26,0,0,1.0,1.0,0.9994150797526041,0.0,1.0,26,0,0,1.0,1.0,0.9994150797526041,0.0,1.0,26,0,0,1.0,1.0,0.9994150797526041,0.0,1.0,26,0,0,1.0,1.0,0.9994150797526041,0.0,1.0,26,0,0,1.0,1.0,0.9994150797526041,0.0,1.0,26,0,0,1.0,1.0,0.9994150797526041,0.0,1.0,26,0,0,1.0,1.0,0.9994150797526041,0.0,1.0,26,0,0,1.0,1.0,0.9994150797526041,0.0,1.0,26,0,0,1.0,1.0,0.9994150797526041,0.0,1.0,26,0,0,1.0,1.0,0.9994150797526041,0.0,1.0,26,0,0,1.0,1.0,0.9994150797526041,0.0,1.0,26,0,0,1.0,1.0,0.9994150797526041,0.0,1.0,26,0,0,1.0,1.0,0.9994150797526041,0.0,1.0,
31,0.004020819237073193,0.004026266257462656,0.008620689655172414,57,57,0,57,0,0,0.9988400455732007,1.0,0.9977654351128472,0.0051222241773330275,1.0,57,0,0,0.9988400455732007,1.0,0.9977654351128472,0.0051222241773330275,1.0,57,0,0,0.9988400455732007,1.0,0.9977654351128472,0.0051222241773330275,1.0,57,0,0,0.9988400455732007,1.0,0.9977654351128472,0.0051222241773330275,1.0,57,0,0,0.9988400455732007,1.0,0.9977654351128472,0.0051222241773330275,1.0,57,0,0,0.9988400455732007,1.0,0.9977654351128472,0.0051222241773330275,1.0,57,0,0,0.9988400455732007,1.0,0.9977654351128472,0.0051222241773330275,1.0,57,0,0,0.9988400455732007,1.0,0.9977654351128472,0.0051222241773330275,1.0,57,0,0,0.9988400455732007,1.0,0.9977654351128472,0.0051222241773330275,1.0,57,0,0,0.9988400455732007,1.0,0.9977654351128472,0.0051222241773330275,1.0,57,0,0,0.9988400455732007,1.0,0.9977654351128472,0.0051222241773330275,1.0,57,0,0,0.9988400455732007,1.0,0.9977654351128472,0.0051222241773330275,1.0,57,0,0,0.9988400455732007,1.0,0.9977654351128472,0.0051222241773330275,1.0,
32,0.02172834262642524,0.008220617977769082,-0.007575757575757576,103,110,7,97,5,0,0.9955935436793054,0.9509803921568627,0.9947764078776041,0.018514936974612692,0.9509803921568627,97,5,0,0.9955935436793054,0.9509803921568627,0.9947764078776041,0.018514936974612692,0.9509803921568627,97,5,0,0.9955935436793054,0.9509803921568627,0.9947764078776041,0.018514936974612692,0.9509803921568627,97,5,0,0.9955935436793054,0.9509803921568627,0.9947764078776041,0.018514936974612692,0.9509803921568627,97,5,0,0.9955935436793054,0.9509803921568627,0.9947764078776041,0.018514936974612692,0.9509803921568627,97,5,0,0.9955935436793054,0.9509803921568627,0.9947764078776041,0.018514936974612692,0.9509803921568627,97,5,0,0.9955935436793054,0.9509803921568627,0.9947764078776041,0.018514936974612692,0.9509803921568627,97,5,0,0.9955935436793054,0.9509803921568627,0.9947764078776041,0.018514936974612692,0.9509803921568627,97,5,0,0.9955935436793054,0.9509803921568627,0.9947764078776041,0.018514936974612692,0.9509803921568627,97,5,0,0.9955935436793054,0.9509803921568627,0.9947764078776041,0.018514936974612692,0.9509803921568627,96,6,0,0.9979514892464776,0.9411764705882353,0.9947764078776041,0.008474350457644228,0.9411764705882353,96,6,0,0.9979514892464776,0.9411764705882353,0.9947764078776041,0.008474350457644228,0.9411764705882353,96,6,0,0.9979514892464776,0.9411764705882353,0.9947764078776041,0.008474350457644228,0.9411764705882353,
33,0.007537263851770293,0.005272476895271346,-0.014705882352941176,67,69,2,65,2,0,0.998870811875756,0.9701492537313433,0.9978671603732638,5.683681235984667e-05,0.9701492537313433,65,2,0,0.998870811875756,0.9701492537313433,0.9978671603732638,5.683681235984667e-05,0.9701492537313433,65,2,0,0.998870811875756,0.9701492537313433,0.9978671603732638,5.683681235984667e-05,0.9701492537313433,65,2,0,0.998870811875756,0.9701492537313433,0.9978671603732638,5.683681235984667e-05,0.9701492537313433,65,2,0,0.998870811875756,0.9701492537313433,0.9978671603732638,5.683681235984667e-05,0.9701492537313433,65,2,0,0.998870811875756,0.9701492537313433,0.9978671603732638,5.683681235984667e-05,0.9701492537313433,65,2,0,0.998870811875756,0.9701492537313433,0.9978671603732638,5.683681235984667e-05,0.9701492537313433,65,2,0,0.998870811875756,0.9701492537313433,0.9978671603732638,5.683681235984667e-05,0.9701492537313433,65,2,0,0.998870811875756,0.9701492537313433,0.9978671603732638,5.683681235984667e-05,0.9701492537313433,65,2,0,0.998870811875756,0.9701492537313433,0.9978671603732638,5.683681235984667e-05,0.9701492537313433,65,2,0,0.998870811875756,0.9701492537313433,0.9978671603732638,5.683681235984667e-05,0.9701492537313433,65,2,0,0.998870811875756,0.9701492537313433,0.9978671603732638,5.683681235984667e-05,0.9701492537313433,65,2,0,0.998870811875756,0.9701492537313433,0.9978671603732638,5.683681235984667e-05,0.9701492537313433,
34,0.015807281792706872,0.01143592000011806,-0.004484304932735426,97,98,1,96,1,0,0.998997185908622,0.9896907216494846,0.9926528930664062,0.0005248012130401328,0.9896907216494846,96,1,0,0.998997185908622,0.9896907216494846,0.9926528930664062,0.0005248012130401328,0.9896907216494846,96,1,0,0.998997185908622,0.9896907216494846,0.9926528930664062,0.0005248012130401328,0.9896907216494846,96,1,0,0.998997185908622,0.9896907216494846,0.9926528930664062,0.0005248012130401328,0.9896907216494846,96,1,0,0.998997185908622,0.9896907216494846,0.9926528930664062,0.0005248012130401328,0.9896907216494846,96,1,0,0.998997185908622,0.9896907216494846,0.9926528930664062,0.0005248012130401328,0.9896907216494846,96,1,0,0.998997185908622,0.9896907216494846,0.9926528930664062,0.0005248012130401328,0.9896907216494846,96,1,0,0.998997185908622,0.9896907216494846,0.9926528930664062,0.0005248012130401328,0.9896907216494846,96,1,0,0.998997185908622,0.9896907216494846,0.9926528930664062,0.0005248012130401328,0.9896907216494846,96,1,0,0.998997185908622,0.9896907216494846,0.9926528930664062,0.0005248012130401328,0.9896907216494846,96,1,0,0.998997185908622,0.9896907216494846,0.9926528930664062,0.0005248012130401328,0.9896907216494846,96,1,0,0.998997185908622,0.9896907216494846,0.9926528930664062,0.0005248012130401328,0.9896907216494846,96,1,0,0.998997185908622,0.9896907216494846,0.9926528930664062,0.0005248012130401328,0.9896907216494846,
35,0.01531693439231041,0.01302369383872254,0.0205761316872428,135,135,0,132,1,1,0.9952710534105351,0.9850746268656716,0.9918162027994791,0.028915047239839814,0.9850746268656716,132,1,1,0.9952710534105351,0.9850746268656716,0.9918162027994791,0.028915047239839814,0.9850746268656716,132,1,1,0.9952710534105351,0.9850746268656716,0.9918162027994791,0.028915047239839814,0.9850746268656716,132,1,1,0.9952710534105351,0.9850746268656716,0.9918162027994791,0.028915047239839814,0.9850746268656716,132,1,1,0.9952710534105351,0.9850746268656716,0.9918162027994791,0.028915047239839814,0.9850746268656716,132,1,1,0.9952710534105351,0.9850746268656716,0.9918162027994791,0.028915047239839814,0.9850746268656716,132,1,1,0.9952710534105351,0.9850746268656716,0.9918162027994791,0.028915047239839814,0.9850746268656716,132,1,1,0.9952710534105351,0.9850746268656716,0.9918162027994791,0.028915047239839814,0.9850746268656716,131,2,1,0.9977794838436944,0.9776119402985075,0.9918162027994791,0.0163468626979895,0.9776119402985075,131,2,1,0.9977794838436944,0.9776119402985075,0.9918162027994791,0.0163468626979895,0.9776119402985075,131,2,1,0.9977794838436944,0.9776119402985075,0.9918162027994791,0.0163468626979895,0.9776119402985075,130,3,1,0.9992491514957565,0.9701492537313433,0.9918162027994791,0.0028726040804736342,0.9701492537313433,130,3,1,0.9992491514957565,0.9701492537313433,0.9918162027994791,0.0028726040804736342,0.9701492537313433,
36,0.001172222044259227,0.0008634588165078454,0.012195121951219513,58,58,0,58,0,0,0.9997012632297713,1.0,0.9987318250868056,9.734296678674844e-05,1.0,58,0,0,0.9997012632297713,1.0,0.9987318250868056,9.734296678674844e-05,1.0,58,0,0,0.9997012632297713,1.0,0.9987318250868056,9.734296678674844e-05,1.0,58,0,0,0.9997012632297713,1.0,0.9987318250868056,9.734296678674844e-05,1.0,58,0,0,0.9997012632297713,1.0,0.9987318250868056,9.734296678674844e-05,1.0,58,0,0,0.9997012632297713,1.0,0.9987318250868056,9.734296678674844e-05,1.0,58,0,0,0.9997012632297713,1.0,0.9987318250868056,9.734296678674844e-05,1.0,58,0,0,0.9997012632297713,1.0,0.9987318250868056,9.734296678674844e-05,1.0,58,0,0,0.9997012632297713,1.0,0.9987318250868056,9.734296678674844e-05,1.0,58,0,0,0.9997012632297713,1.0,0.9987318250868056,9.734296678674844e-05,1.0,58,0,0,0.9997012632297713,1.0,0.9987318250868056,9.734296678674844e-05,1.0,58,0,0,0.9997012632297713,1.0,0.9987318250868056,9.734296678674844e-05,1.0,58,0,0,0.9997012632297713,1.0,0.9987318250868056,9.734296678674844e-05,1.0,
37,0.0013900771237065732,0.0017664031590920019,-0.007518796992481203,49,49,0,49,0,0,1.0,1.0,0.9975721571180556,0.0,1.0,49,0,0,1.0,1.0,0.9975721571180556,0.0,1.0,49,0,0,1.0,1.0,0.9975721571180556,0.0,1.0,49,0,0,1.0,1.0,0.9975721571180556,0.0,1.0,49,0,0,1.0,1.0,0.9975721571180556,0.0,1.0,49,0,0,1.0,1.0,0.9975721571180556,0.0,1.0,49,0,0,1.0,1.0,0.9975721571180556,0.0,1.0,49,0,0,1.0,1.0,0.9975721571180556,0.0,1.0,49,0,0,1.0,1.0,0.9975721571180556,0.0,1.0,49,0,0,1.0,1.0,0.9975721571180556,0.0,1.0,49,0,0,1.0,1.0,0.9975721571180556,0.0,1.0,49,0,0,1.0,1.0,0.9975721571180556,0.0,1.0,49,0,0,1.0,1.0,0.9975721571180556,0.0,1.0,
38,1.0780242366866093e-18,1.0780242366866093e-18,0.0,67,67,0,67,0,0,1.0,1.0,1.0,0.0,1.0,67,0,0,1.0,1.0,1.0,0.0,1.0,67,0,0,1.0,1.0,1.0,0.0,1.0,67,0,0,1.0,1.0,1.0,0.0,1.0,67,0,0,1.0,1.0,1.0,0.0,1.0,67,0,0,1.0,1.0,1.0,0.0,1.0,67,0,0,1.0,1.0,1.0,0.0,1.0,67,0,0,1.0,1.0,1.0,0.0,1.0,67,0,0,1.0,1.0,1.0,0.0,1.0,67,0,0,1.0,1.0,1.0,0.0,1.0,67,0,0,1.0,1.0,1.0,0.0,1.0,67,0,0,1.0,1.0,1.0,0.0,1.0,67,0,0,1.0,1.0,1.0,0.0,1.0,
39,1.694520855696368e-19,1.694520855696368e-19,0.0,12,12,0,12,0,0,1.0,1.0,1.0,0.0,1.0,12,0,0,1.0,1.0,1.0,0.0,1.0,12,0,0,1.0,1.0,1.0,0.0,1.0,12,0,0,1.0,1.0,1.0,0.0,1.0,12,0,0,1.0,1.0,1.0,0.0,1.0,12,0,0,1.0,1.0,1.0,0.0,1.0,12,0,0,1.0,1.0,1.0,0.0,1.0,12,0,0,1.0,1.0,1.0,0.0,1.0,12,0,0,1.0,1.0,1.0,0.0,1.0,12,0,0,1.0,1.0,1.0,0.0,1.0,12,0,0,1.0,1.0,1.0,0.0,1.0,12,0,0,1.0,1.0,1.0,0.0,1.0,12,0,0,1.0,1.0,1.0,0.0,1.0,
40,0.0008705018819456041,0.006421605155694815,-0.05063291139240506,40,40,0,40,0,0,1.0,1.0,0.9924112955729166,0.0,1.0,40,0,0,1.0,1.0,0.9924112955729166,0.0,1.0,40,0,0,1.0,1.0,0.9924112955729166,0.0,1.0,40,0,0,1.0,1.0,0.9924112955729166,0.0,1.0,40,0,0,1.0,1.0,0.9924112955729166,0.0,1.0,40,0,0,1.0,1.0,0.9924112955729166,0.0,1.0,40,0,0,1.0,1.0,0.9924112955729166,0.0,1.0,40,0,0,1.0,1.0,0.9924112955729166,0.0,1.0,40,0,0,1.0,1.0,0.9924112955729166,0.0,1.0,40,0,0,1.0,1.0,0.9924112955729166,0.0,1.0,40,0,0,1.0,1.0,0.9924112955729166,0.0,1.0,40,0,0,1.0,1.0,0.9924112955729166,0.0,1.0,40,0,0,1.0,1.0,0.9924112955729166,0.0,1.0,
41,6.321866269328765e-19,0.005949131969595559,-0.043478260869565216,38,38,0,38,0,0,1.0,1.0,0.9946017795138888,0.0,1.0,38,0,0,1.0,1.0,0.9946017795138888,0.0,1.0,38,0,0,1.0,1.0,0.9946017795138888,0.0,1.0,38,0,0,1.0,1.0,0.9946017795138888,0.0,1.0,38,0,0,1.0,1.0,0.9946017795138888,0.0,1.0,38,0,0,1.0,1.0,0.9946017795138888,0.0,1.0,38,0,0,1.0,1.0,0.9946017795138888,0.0,1.0,38,0,0,1.0,1.0,0.9946017795138888,0.0,1.0,38,0,0,1.0,1.0,0.9946017795138888,0.0,1.0,38,0,0,1.0,1.0,0.9946017795138888,0.0,1.0,38,0,0,1.0,1.0,0.9946017795138888,0.0,1.0,38,0,0,1.0,1.0,0.9946017795138888,0.0,1.0,38,0,0,1.0,1.0,0.9946017795138888,0.0,1.0,
42,0.0003273243987118681,1.0186435913160519e-19,0.043478260869565216,22,22,0,22,0,0,1.0,1.0,0.9998824508101852,0.0,1.0,22,0,0,1.0,1.0,0.9998824508101852,0.0,1.0,22,0,0,1.0,1.0,0.9998824508101852,0.0,1.0,22,0,0,1.0,1.0,0.9998824508101852,0.0,1.0,22,0,0,1.0,1.0,0.9998824508101852,0.0,1.0,22,0,0,1.0,1.0,0.9998824508101852,0.0,1.0,22,0,0,1.0,1.0,0.9998824508101852,0.0,1.0,22,0,0,1.0,1.0,0.9998824508101852,0.0,1.0,22,0,0,1.0,1.0,0.9998824508101852,0.0,1.0,22,0,0,1.0,1.0,0.9998824508101852,0.0,1.0,22,0,0,1.0,1.0,0.9998824508101852,0.0,1.0,22,0,0,1.0,1.0,0.9998824508101852,0.0,1.0,22,0,0,1.0,1.0,0.9998824508101852,0.0,1.0,
43,0.001898417861217321,1.5909523203261306e-16,0.10714285714285714,25,25,0,25,0,0,1.0,1.0,0.9991952401620371,0.0,1.0,25,0,0,1.0,1.0,0.9991952401620371,0.0,1.0,25,0,0,1.0,1.0,0.9991952401620371,0.0,1.0,25,0,0,1.0,1.0,0.9991952401620371,0.0,1.0,25,0,0,1.0,1.0,0.9991952401620371,0.0,1.0,25,0,0,1.0,1.0,0.9991952401620371,0.0,1.0,25,0,0,1.0,1.0,0.9991952401620371,0.0,1.0,25,0,0,1.0,1.0,0.9991952401620371,0.0,1.0,25,0,0,1.0,1.0,0.9991952401620371,0.0,1.0,25,0,0,1.0,1.0,0.9991952401620371,0.0,1.0,25,0,0,1.0,1.0,0.9991952401620371,0.0,1.0,25,0,0,1.0,1.0,0.9991952401620371,0.0,1.0,25,0,0,1.0,1.0,0.9991952401620371,0.0,1.0,
44,0.0013119244594502603,1.5974497939749555e-16,0.38461538461538464,12,12,0,12,0,0,1.0,1.0,0.9995151095920138,0.0,1.0,12,0,0,1.0,1.0,0.9995151095920138,0.0,1.0,12,0,0,1.0,1.0,0.9995151095920138,0.0,1.0,12,0,0,1.0,1.0,0.9995151095920138,0.0,1.0,12,0,0,1.0,1.0,0.9995151095920138,0.0,1.0,12,0,0,1.0,1.0,0.9995151095920138,0.0,1.0,12,0,0,1.0,1.0,0.9995151095920138,0.0,1.0,12,0,0,1.0,1.0,0.9995151095920138,0.0,1.0,12,0,0,1.0,1.0,0.9995151095920138,0.0,1.0,12,0,0,1.0,1.0,0.9995151095920138,0.0,1.0,12,0,0,1.0,1.0,0.9995151095920138,0.0,1.0,12,0,0,1.0,1.0,0.9995151095920138,0.0,1.0,12,0,0,1.0,1.0,0.9995151095920138,0.0,1.0,
45,0.016440836120348704,0.00868026610126843,0.024875621890547265,55,55,0,55,0,0,0.9999873561765077,1.0,0.9873402913411459,6.913125079486225e-07,1.0,55,0,0,0.9999873561765077,1.0,0.9873402913411459,6.913125079486225e-07,1.0,55,0,0,0.9999873561765077,1.0,0.9873402913411459,6.913125079486225e-07,1.0,55,0,0,0.9999873561765077,1.0,0.9873402913411459,6.913125079486225e-07,1.0,55,0,0,0.9999873561765077,1.0,0.9873402913411459,6.913125079486225e-07,1.0,55,0,0,0.9999873561765077,1.0,0.9873402913411459,6.913125079486225e-07,1.0,55,0,0,0.9999873561765077,1.0,0.9873402913411459,6.913125079486225e-07,1.0,55,0,0,0.9999873561765077,1.0,0.9873402913411459,6.913125079486225e-07,1.0,55,0,0,0.9999873561765077,1.0,0.9873402913411459,6.913125079486225e-07,1.0,55,0,0,0.9999873561765077,1.0,0.9873402913411459,6.913125079486225e-07,1.0,55,0,0,0.9999873561765077,1.0,0.9873402913411459,6.913125079486225e-07,1.0,55,0,0,0.9999873561765077,1.0,0.9873402913411459,6.913125079486225e-07,1.0,55,0,0,0.9999873561765077,1.0,0.9873402913411459,6.913125079486225e-07,1.0,
46,0.0011138662950082553,1.5120339943136784e-18,0.010362694300518135,60,60,0,60,0,0,1.0,1.0,0.9992811414930556,0.0,1.0,60,0,0,1.0,1.0,0.9992811414930556,0.0,1.0,60,0,0,1.0,1.0,0.9992811414930556,0.0,1.0,60,0,0,1.0,1.0,0.9992811414930556,0.0,1.0,60,0,0,1.0,1.0,0.9992811414930556,0.0,1.0,60,0,0,1.0,1.0,0.9992811414930556,0.0,1.0,60,0,0,1.0,1.0,0.9992811414930556,0.0,1.0,60,0,0,1.0,1.0,0.9992811414930556,0.0,1.0,60,0,0,1.0,1.0,0.9992811414930556,0.0,1.0,60,0,0,1.0,1.0,0.9992811414930556,0.0,1.0,60,0,0,1.0,1.0,0.9992811414930556,0.0,1.0,60,0,0,1.0,1.0,0.9992811414930556,0.0,1.0,60,0,0,1.0,1.0,0.9992811414930556,0.0,1.0,
47,0.0031347296341889997,0.01380160331038632,-0.04929577464788732,44,44,0,44,0,0,0.9997063421767536,1.0,0.9886093139648438,8.270234250488277e-06,1.0,44,0,0,0.9997063421767536,1.0,0.9886093139648438,8.270234250488277e-06,1.0,44,0,0,0.9997063421767536,1.0,0.9886093139648438,8.270234250488277e-06,1.0,44,0,0,0.9997063421767536,1.0,0.9886093139648438,8.270234250488277e-06,1.0,44,0,0,0.9997063421767536,1.0,0.9886093139648438,8.270234250488277e-06,1.0,44,0,0,0.9997063421767536,1.0,0.9886093139648438,8.270234250488277e-06,1.0,44,0,0,0.9997063421767536,1.0,0.9886093139648438,8.270234250488277e-06,1.0,44,0,0,0.9997063421767536,1.0,0.9886093139648438,8.270234250488277e-06,1.0,44,0,0,0.9997063421767536,1.0,0.9886093139648438,8.270234250488277e-06,1.0,44,0,0,0.9997063421767536,1.0,0.9886093139648438,8.270234250488277e-06,1.0,44,0,0,0.9997063421767536,1.0,0.9886093139648438,8.270234250488277e-06,1.0,44,0,0,0.9997063421767536,1.0,0.9886093139648438,8.270234250488277e-06,1.0,44,0,0,0.9997063421767536,1.0,0.9886093139648438,8.270234250488277e-06,1.0,
48,1.3767981952532985e-18,0.00135348517192209,-0.030303030303030304,52,52,0,52,0,0,1.0,1.0,0.9986470540364584,0.0,1.0,52,0,0,1.0,1.0,0.9986470540364584,0.0,1.0,52,0,0,1.0,1.0,0.9986470540364584,0.0,1.0,52,0,0,1.0,1.0,0.9986470540364584,0.0,1.0,52,0,0,1.0,1.0,0.9986470540364584,0.0,1.0,52,0,0,1.0,1.0,0.9986470540364584,0.0,1.0,52,0,0,1.0,1.0,0.9986470540364584,0.0,1.0,52,0,0,1.0,1.0,0.9986470540364584,0.0,1.0,52,0,0,1.0,1.0,0.9986470540364584,0.0,1.0,52,0,0,1.0,1.0,0.9986470540364584,0.0,1.0,52,0,0,1.0,1.0,0.9986470540364584,0.0,1.0,52,0,0,1.0,1.0,0.9986470540364584,0.0,1.0,52,0,0,1.0,1.0,0.9986470540364584,0.0,1.0,
49,0.009791439618802612,3.75564478113474e-19,0.6923076923076923,12,12,0,12,0,0,1.0,1.0,0.9963124593098959,0.0,1.0,12,0,0,1.0,1.0,0.9963124593098959,0.0,1.0,12,0,0,1.0,1.0,0.9963124593098959,0.0,1.0,12,0,0,1.0,1.0,0.9963124593098959,0.0,1.0,12,0,0,1.0,1.0,0.9963124593098959,0.0,1.0,12,0,0,1.0,1.0,0.9963124593098959,0.0,1.0,12,0,0,1.0,1.0,0.9963124593098959,0.0,1.0,12,0,0,1.0,1.0,0.9963124593098959,0.0,1.0,12,0,0,1.0,1.0,0.9963124593098959,0.0,1.0,12,0,0,1.0,1.0,0.9963124593098959,0.0,1.0,12,0,0,1.0,1.0,0.9963124593098959,0.0,1.0,12,0,0,1.0,1.0,0.9963124593098959,0.0,1.0,12,0,0,1.0,1.0,0.9963124593098959,0.0,1.0,
50,0.0004576005934194281,6.408764774749066e-20,0.06666666666666667,14,14,0,14,0,0,1.0,1.0,0.9997762044270834,0.0,1.0,14,0,0,1.0,1.0,0.9997762044270834,0.0,1.0,14,0,0,1.0,1.0,0.9997762044270834,0.0,1.0,14,0,0,1.0,1.0,0.9997762044270834,0.0,1.0,14,0,0,1.0,1.0,0.9997762044270834,0.0,1.0,14,0,0,1.0,1.0,0.9997762044270834,0.0,1.0,14,0,0,1.0,1.0,0.9997762044270834,0.0,1.0,14,0,0,1.0,1.0,0.9997762044270834,0.0,1.0,14,0,0,1.0,1.0,0.9997762044270834,0.0,1.0,14,0,0,1.0,1.0,0.9997762044270834,0.0,1.0,14,0,0,1.0,1.0,0.9997762044270834,0.0,1.0,14,0,0,1.0,1.0,0.9997762044270834,0.0,1.0,14,0,0,1.0,1.0,0.9997762044270834,0.0,1.0,
51,0.0017927820102053619,0.005244426628634596,-0.018292682926829267,44,44,0,44,0,0,0.9996463976525326,1.0,0.9936981201171875,0.0001658784885686196,1.0,44,0,0,0.9996463976525326,1.0,0.9936981201171875,0.0001658784885686196,1.0,44,0,0,0.9996463976525326,1.0,0.9936981201171875,0.0001658784885686196,1.0,44,0,0,0.9996463976525326,1.0,0.9936981201171875,0.0001658784885686196,1.0,44,0,0,0.9996463976525326,1.0,0.9936981201171875,0.0001658784885686196,1.0,44,0,0,0.9996463976525326,1.0,0.9936981201171875,0.0001658784885686196,1.0,44,0,0,0.9996463976525326,1.0,0.9936981201171875,0.0001658784885686196,1.0,44,0,0,0.9996463976525326,1.0,0.9936981201171875,0.0001658784885686196,1.0,44,0,0,0.9996463976525326,1.0,0.9936981201171875,0.0001658784885686196,1.0,44,0,0,0.9996463976525326,1.0,0.9936981201171875,0.0001658784885686196,1.0,44,0,0,0.9996463976525326,1.0,0.9936981201171875,0.0001658784885686196,1.0,44,0,0,0.9996463976525326,1.0,0.9936981201171875,0.0001658784885686196,1.0,44,0,0,0.9996463976525326,1.0,0.9936981201171875,0.0001658784885686196,1.0,
52,0.0006570018771542246,0.0008369643234768004,0.0,46,46,0,46,0,0,1.0,1.0,0.9988911946614584,0.0,1.0,46,0,0,1.0,1.0,0.9988911946614584,0.0,1.0,46,0,0,1.0,1.0,0.9988911946614584,0.0,1.0,46,0,0,1.0,1.0,0.9988911946614584,0.0,1.0,46,0,0,1.0,1.0,0.9988911946614584,0.0,1.0,46,0,0,1.0,1.0,0.9988911946614584,0.0,1.0,46,0,0,1.0,1.0,0.9988911946614584,0.0,1.0,46,0,0,1.0,1.0,0.9988911946614584,0.0,1.0,46,0,0,1.0,1.0,0.9988911946614584,0.0,1.0,46,0,0,1.0,1.0,0.9988911946614584,0.0,1.0,46,0,0,1.0,1.0,0.9988911946614584,0.0,1.0,46,0,0,1.0,1.0,0.9988911946614584,0.0,1.0,46,0,0,1.0,1.0,0.9988911946614584,0.0,1.0,
53,0.0014556541328599325,0.013556217764174806,-0.03759398496240601,53,53,0,53,0,0,0.9999644671854457,1.0,0.9860076904296875,9.746388517842938e-07,1.0,53,0,0,0.9999644671854457,1.0,0.9860076904296875,9.746388517842938e-07,1.0,53,0,0,0.9999644671854457,1.0,0.9860076904296875,9.746388517842938e-07,1.0,53,0,0,0.9999644671854457,1.0,0.9860076904296875,9.746388517842938e-07,1.0,53,0,0,0.9999644671854457,1.0,0.9860076904296875,9.746388517842938e-07,1.0,53,0,0,0.9999644671854457,1.0,0.9860076904296875,9.746388517842938e-07,1.0,53,0,0,0.9999644671854457,1.0,0.9860076904296875,9.746388517842938e-07,1.0,53,0,0,0.9999644671854457,1.0,0.9860076904296875,9.746388517842938e-07,1.0,53,0,0,0.9999644671854457,1.0,0.9860076904296875,9.746388517842938e-07,1.0,53,0,0,0.9999644671854457,1.0,0.9860076904296875,9.746388517842938e-07,1.0,53,0,0,0.9999644671854457,1.0,0.9860076904296875,9.746388517842938e-07,1.0,53,0,0,0.9999644671854457,1.0,0.9860076904296875,9.746388517842938e-07,1.0,53,0,0,0.9999644671854457,1.0,0.9860076904296875,9.746388517842938e-07,1.0,
54,0.0013205192020890094,0.0033314948212928783,-0.006622516556291391,55,55,0,55,0,0,0.999983031434268,1.0,0.9975484212239584,1.908401207512378e-06,1.0,55,0,0,0.999983031434268,1.0,0.9975484212239584,1.908401207512378e-06,1.0,55,0,0,0.999983031434268,1.0,0.9975484212239584,1.908401207512378e-06,1.0,55,0,0,0.999983031434268,1.0,0.9975484212239584,1.908401207512378e-06,1.0,55,0,0,0.999983031434268,1.0,0.9975484212239584,1.908401207512378e-06,1.0,55,0,0,0.999983031434268,1.0,0.9975484212239584,1.908401207512378e-06,1.0,55,0,0,0.999983031434268,1.0,0.9975484212239584,1.908401207512378e-06,1.0,55,0,0,0.999983031434268,1.0,0.9975484212239584,1.908401207512378e-06,1.0,55,0,0,0.999983031434268,1.0,0.9975484212239584,1.908401207512378e-06,1.0,55,0,0,0.999983031434268,1.0,0.9975484212239584,1.908401207512378e-06,1.0,55,0,0,0.999983031434268,1.0,0.9975484212239584,1.908401207512378e-06,1.0,55,0,0,0.999983031434268,1.0,0.9975484212239584,1.908401207512378e-06,1.0,55,0,0,0.999983031434268,1.0,0.9975484212239584,1.908401207512378e-06,1.0,
55,0.005669621164129736,1.9389229021910325e-19,1.0769230769230769,12,12,0,12,0,0,1.0,1.0,0.9980434841579862,0.0,1.0,12,0,0,1.0,1.0,0.9980434841579862,0.0,1.0,12,0,0,1.0,1.0,0.9980434841579862,0.0,1.0,12,0,0,1.0,1.0,0.9980434841579862,0.0,1.0,12,0,0,1.0,1.0,0.9980434841579862,0.0,1.0,12,0,0,1.0,1.0,0.9980434841579862,0.0,1.0,12,0,0,1.0,1.0,0.9980434841579862,0.0,1.0,12,0,0,1.0,1.0,0.9980434841579862,0.0,1.0,12,0,0,1.0,1.0,0.9980434841579862,0.0,1.0,12,0,0,1.0,1.0,0.9980434841579862,0.0,1.0,12,0,0,1.0,1.0,0.9980434841579862,0.0,1.0,12,0,0,1.0,1.0,0.9980434841579862,0.0,1.0,12,0,0,1.0,1.0,0.9980434841579862,0.0,1.0,
56,0.007564016563399609,0.01738487654425513,-0.1,40,42,2,38,1,0,0.9998301053346925,0.9743589743589743,0.9870961507161459,0.00020045352169850426,0.9743589743589743,38,1,0,0.9998301053346925,0.9743589743589743,0.9870961507161459,0.00020045352169850426,0.9743589743589743,38,1,0,0.9998301053346925,0.9743589743589743,0.9870961507161459,0.00020045352169850426,0.9743589743589743,38,1,0,0.9998301053346925,0.9743589743589743,0.9870961507161459,0.00020045352169850426,0.9743589743589743,38,1,0,0.9998301053346925,0.9743589743589743,0.9870961507161459,0.00020045352169850426,0.9743589743589743,38,1,0,0.9998301053346925,0.9743589743589743,0.9870961507161459,0.00020045352169850426,0.9743589743589743,38,1,0,0.9998301053346925,0.9743589743589743,0.9870961507161459,0.00020045352169850426,0.9743589743589743,38,1,0,0.9998301053346925,0.9743589743589743,0.9870961507161459,0.00020045352169850426,0.9743589743589743,38,1,0,0.9998301053346925,0.9743589743589743,0.9870961507161459,0.00020045352169850426,0.9743589743589743,38,1,0,0.9998301053346925,0.9743589743589743,0.9870961507161459,0.00020045352169850426,0.9743589743589743,38,1,0,0.9998301053346925,0.9743589743589743,0.9870961507161459,0.00020045352169850426,0.9743589743589743,38,1,0,0.9998301053346925,0.9743589743589743,0.9870961507161459,0.00020045352169850426,0.9743589743589743,38,1,0,0.9998301053346925,0.9743589743589743,0.9870961507161459,0.00020045352169850426,0.9743589743589743,
57,0.0020050257316325754,0.016843007033334825,-0.15841584158415842,30,30,0,30,0,0,0.9978971002344367,1.0,0.9894883897569444,0.0046507595868672995,1.0,30,0,0,0.9978971002344367,1.0,0.9894883897569444,0.0046507595868672995,1.0,30,0,0,0.9978971002344367,1.0,0.9894883897569444,0.0046507595868672995,1.0,30,0,0,0.9978971002344367,1.0,0.9894883897569444,0.0046507595868672995,1.0,30,0,0,0.9978971002344367,1.0,0.9894883897569444,0.0046507595868672995,1.0,30,0,0,0.9978971002344367,1.0,0.9894883897569444,0.0046507595868672995,1.0,30,0,0,0.9978971002344367,1.0,0.9894883897569444,0.0046507595868672995,1.0,30,0,0,0.9978971002344367,1.0,0.9894883897569444,0.0046507595868672995,1.0,30,0,0,0.9978971002344367,1.0,0.9894883897569444,0.0046507595868672995,1.0,30,0,0,0.9978971002344367,1.0,0.9894883897569444,0.0046507595868672995,1.0,30,0,0,0.9978971002344367,1.0,0.9894883897569444,0.0046507595868672995,1.0,30,0,0,0.9978971002344367,1.0,0.9894883897569444,0.0046507595868672995,1.0,30,0,0,0.9978971002344367,1.0,0.9894883897569444,0.0046507595868672995,1.0,
58,0.007408413511764562,0.02749580333156157,-0.09259259259259259,41,41,0,41,0,0,0.9972379681152889,1.0,0.982513427734375,0.0007277007253780276,1.0,41,0,0,0.9972379681152889,1.0,0.982513427734375,0.0007277007253780276,1.0,41,0,0,0.9972379681152889,1.0,0.982513427734375,0.0007277007253780276,1.0,41,0,0,0.9972379681152889,1.0,0.982513427734375,0.0007277007253780276,1.0,41,0,0,0.9972379681152889,1.0,0.982513427734375,0.0007277007253780276,1.0,41,0,0,0.9972379681152889,1.0,0.982513427734375,0.0007277007253780276,1.0,41,0,0,0.9972379681152889,1.0,0.982513427734375,0.0007277007253780276,1.0,41,0,0,0.9972379681152889,1.0,0.982513427734375,0.0007277007253780276,1.0,41,0,0,0.9972379681152889,1.0,0.982513427734375,0.0007277007253780276,1.0,41,0,0,0.9972379681152889,1.0,0.982513427734375,0.0007277007253780276,1.0,41,0,0,0.9972379681152889,1.0,0.982513427734375,0.0007277007253780276,1.0,41,0,0,0.9972379681152889,1.0,0.982513427734375,0.0007277007253780276,1.0,40,1,0,0.9999466950959487,0.975609756097561,0.982513427734375,4.6626268203799024e-05,0.975609756097561,
59,0.004045261392252971,0.013909773304039093,-0.09900990099009901,38,39,1,37,1,0,0.9984821027924476,0.9736842105263158,0.99017333984375,0.00019594565599576088,0.9736842105263158,37,1,0,0.9984821027924476,0.9736842105263158,0.99017333984375,0.00019594565599576088,0.9736842105263158,37,1,0,0.9984821027924476,0.9736842105263158,0.99017333984375,0.00019594565599576088,0.9736842105263158,37,1,0,0.9984821027924476,0.9736842105263158,0.99017333984375,0.00019594565599576088,0.9736842105263158,37,1,0,0.9984821027924476,0.9736842105263158,0.99017333984375,0.00019594565599576088,0.9736842105263158,37,1,0,0.9984821027924476,0.9736842105263158,0.99017333984375,0.00019594565599576088,0.9736842105263158,37,1,0,0.9984821027924476,0.9736842105263158,0.99017333984375,0.00019594565599576088,0.9736842105263158,37,1,0,0.9984821027924476,0.9736842105263158,0.99017333984375,0.00019594565599576088,0.9736842105263158,37,1,0,0.9984821027924476,0.9736842105263158,0.99017333984375,0.00019594565599576088,0.9736842105263158,37,1,0,0.9984821027924476,0.9736842105263158,0.99017333984375,0.00019594565599576088,0.9736842105263158,37,1,0,0.9984821027924476,0.9736842105263158,0.99017333984375,0.00019594565599576088,0.9736842105263158,37,1,0,0.9984821027924476,0.9736842105263158,0.99017333984375,0.00019594565599576088,0.9736842105263158,37,1,0,0.9984821027924476,0.9736842105263158,0.99017333984375,0.00019594565599576088,0.9736842105263158,
